text1,text2,label
Instalar impresora de red común,Necesito conectar una impresora compartida en la red,1
Instalar impresora de red común,¿Cómo puedo agregar una impresora que está en otra computadora?,1
Instalar impresora de red común,Quiero instalar una impresora que no está conectada directamente a mi PC,1
Instalar impresora de red común,Estoy intentando imprimir en una impresora de red pero no la encuentro,1
Instalar impresora de red común,¿Me ayudas a configurar una impresora que usan todos en la oficina?,1
Instalar impresora de red común,No sé cómo poner la impresora de la red en mi lista de impresoras,1
Instalar impresora de red común,Tengo que instalar una impresora que está conectada a otro equipo,1
Instalar impresora de red común,¿Qué pasos sigo para imprimir desde una impresora de red?,1
Instalar impresora de red común,La impresora está conectada a otro ordenador ¿cómo la uso desde aquí?,1
Instalar impresora de red común,Quiero que mi computadora reconozca la impresora de la red,1
Instalar impresora de red común,No puedo acceder al correo corporativo,0
Instalar impresora de red común,El ordenador no se conecta a la red Wi-Fi,0
Instalar impresora de red común,Tengo problemas para iniciar sesión en Windows,0
Instalar impresora de red común,El teclado no responde en mi equipo,0
Instalar impresora de red común,No se abre la aplicación de contabilidad,0
Instalar impresora de red común,Me aparece una pantalla azul al arrancar el PC,0
Instalar impresora de red común,La VPN no se conecta desde casa,0
Instalar impresora de red común,No puedo acceder a la carpeta compartida del servidor,0
Instalar impresora de red común,Se bloqueó mi cuenta de usuario,0
Instalar impresora de red común,No funciona el lector de tarjetas,0
Restaurar contraseña de correo corporativa (Gmail/Google Workspace),Olvidé la contraseña de mi correo del trabajo ¿cómo la recupero?,1
Restaurar contraseña de correo corporativa (Gmail/Google Workspace),No puedo acceder a mi cuenta de Gmail corporativo creo que perdí la clave,1
Restaurar contraseña de correo corporativa (Gmail/Google Workspace),Necesito restablecer mi contraseña del correo de la empresa,1
Restaurar contraseña de correo corporativa (Gmail/Google Workspace),¿Me ayudas a recuperar el acceso a mi cuenta de Google del trabajo?,1
Restaurar contraseña de correo corporativa (Gmail/Google Workspace),No recuerdo mi contraseña de correo laboral ¿qué hago?,1
Restaurar contraseña de correo corporativa (Gmail/Google Workspace),Quiero cambiar la clave de mi correo empresarial de Google,1
Restaurar contraseña de correo corporativa (Gmail/Google Workspace),Estoy bloqueado de mi Gmail del trabajo ¿puedo restablecer la contraseña?,1
Restaurar contraseña de correo corporativa (Gmail/Google Workspace),¿Cómo hago para volver a entrar a mi cuenta de Google Workspace si olvidé la contraseña?,1
Restaurar contraseña de correo corporativa (Gmail/Google Workspace),Tengo problemas con la contraseña de mi correo corporativo necesito recuperarla,1
Restaurar contraseña de correo corporativa (Gmail/Google Workspace),Perdí el acceso a mi cuenta de empresa en Gmail ¿puedes ayudarme a restaurarla?,1
Restaurar contraseña de correo corporativa (Gmail/Google Workspace),No puedo imprimir desde la impresora de red,0
Restaurar contraseña de correo corporativa (Gmail/Google Workspace),La VPN no se conecta en mi equipo,0
Restaurar contraseña de correo corporativa (Gmail/Google Workspace),Me aparece una pantalla azul al iniciar el ordenador,0
Restaurar contraseña de correo corporativa (Gmail/Google Workspace),No carga la aplicación Avalon,0
Restaurar contraseña de correo corporativa (Gmail/Google Workspace),El lector de documentos no funciona correctamente,0
Restaurar contraseña de correo corporativa (Gmail/Google Workspace),No puedo acceder al servidor compartido,0
Restaurar contraseña de correo corporativa (Gmail/Google Workspace),Se perdió la conexión a Internet en esta sede,0
Restaurar contraseña de correo corporativa (Gmail/Google Workspace),El sistema TPV no responde,0
Restaurar contraseña de correo corporativa (Gmail/Google Workspace),No se abre la herramienta de facturación,0
Restaurar contraseña de correo corporativa (Gmail/Google Workspace),Tengo problemas con la configuración de red del PC,0
Realizar o verificar actualizaciones del sistema operativo Windows (10 u 11),¿Cómo puedo saber si mi Windows está actualizado?,1
Realizar o verificar actualizaciones del sistema operativo Windows (10 u 11),Quiero buscar actualizaciones en mi PC con Windows,1
Realizar o verificar actualizaciones del sistema operativo Windows (10 u 11),Necesito actualizar el sistema operativo ¿me ayudas?,1
Realizar o verificar actualizaciones del sistema operativo Windows (10 u 11),¿Dónde se revisa si hay actualizaciones para Windows 10?,1
Realizar o verificar actualizaciones del sistema operativo Windows (10 u 11),Mi computadora con Windows 11 no se ha actualizado en un tiempo,1
Realizar o verificar actualizaciones del sistema operativo Windows (10 u 11),¿Puedes ayudarme a instalar las últimas actualizaciones de Windows?,1
Realizar o verificar actualizaciones del sistema operativo Windows (10 u 11),No estoy seguro si tengo la última versión de Windows instalada,1
Realizar o verificar actualizaciones del sistema operativo Windows (10 u 11),Quiero forzar una actualización del sistema en mi equipo,1
Realizar o verificar actualizaciones del sistema operativo Windows (10 u 11),¿Cómo reviso las actualizaciones pendientes en mi Windows?,1
Realizar o verificar actualizaciones del sistema operativo Windows (10 u 11),Me gustaría comprobar si hay nuevas versiones del sistema para instalar,1
Realizar o verificar actualizaciones del sistema operativo Windows (10 u 11),No puedo acceder a mi correo corporativo de Gmail,0
Realizar o verificar actualizaciones del sistema operativo Windows (10 u 11),La impresora no aparece en la red,0
Realizar o verificar actualizaciones del sistema operativo Windows (10 u 11),Avalon no abre desde el TPV,0
Realizar o verificar actualizaciones del sistema operativo Windows (10 u 11),Tengo errores al escanear con el lector de documentos,0
Realizar o verificar actualizaciones del sistema operativo Windows (10 u 11),No me conecta la VPN para acceder a los sistemas internos,0
Realizar o verificar actualizaciones del sistema operativo Windows (10 u 11),Se bloqueó mi cuenta y no puedo entrar a Windows,0
Realizar o verificar actualizaciones del sistema operativo Windows (10 u 11),No tengo acceso al servidor de archivos compartidos,0
Realizar o verificar actualizaciones del sistema operativo Windows (10 u 11),El sistema TPV no responde al intentar cobrar,0
Realizar o verificar actualizaciones del sistema operativo Windows (10 u 11),No funciona la conexión de red en la nueva sede,0
Realizar o verificar actualizaciones del sistema operativo Windows (10 u 11),El portátil no detecta la red Wi-Fi de la oficina,0
Cambiar la contraseña de su equipo Windows,Quiero cambiar la clave con la que entro a mi computadora,1
Cambiar la contraseña de su equipo Windows,¿Cómo modifico la contraseña de inicio de sesión en Windows?,1
Cambiar la contraseña de su equipo Windows,Necesito actualizar la contraseña de mi PC,1
Cambiar la contraseña de su equipo Windows,¿Dónde puedo cambiar la contraseña de mi usuario en Windows?,1
Cambiar la contraseña de su equipo Windows,Quiero poner una nueva clave para acceder a mi equipo,1
Cambiar la contraseña de su equipo Windows,¿Me ayudas a cambiar la contraseña con la que inicio sesión en mi portátil?,1
Cambiar la contraseña de su equipo Windows,Ya no quiero usar la misma contraseña para entrar a Windows ¿cómo la cambio?,1
Cambiar la contraseña de su equipo Windows,Estoy buscando la opción para cambiar mi contraseña en el sistema,1
Cambiar la contraseña de su equipo Windows,Necesito reemplazar la clave de acceso de mi cuenta en Windows,1
Cambiar la contraseña de su equipo Windows,¿Qué pasos sigo para cambiar la contraseña que uso en mi ordenador?,1
Cambiar la contraseña de su equipo Windows,No puedo imprimir desde ninguna impresora de red,0
Cambiar la contraseña de su equipo Windows,No carga la aplicación Avalon en el TPV,0
Cambiar la contraseña de su equipo Windows,Me sale un error de certificado al abrir una web,0
Cambiar la contraseña de su equipo Windows,No tengo acceso a Internet en esta sede,0
Cambiar la contraseña de su equipo Windows,La VPN no se conecta desde fuera de la oficina,0
Cambiar la contraseña de su equipo Windows,El lector de documentos no responde al escanear,0
Cambiar la contraseña de su equipo Windows,No puedo acceder a GsBase ni a Conex,0
Cambiar la contraseña de su equipo Windows,Tengo problemas con la configuración de la impresora,0
Cambiar la contraseña de su equipo Windows,Mi PC muestra pantalla azul al iniciar,0
Cambiar la contraseña de su equipo Windows,No funciona el correo en la aplicación de escritorio,0
Página web segura bloqueada,No puedo entrar a una página que sé que es segura,1
Página web segura bloqueada,Mi navegador bloquea un sitio web confiable ¿cómo lo desbloqueo?,1
Página web segura bloqueada,Me impide acceder a una web que debería funcionar,1
Página web segura bloqueada,Quiero abrir una página pero el sistema dice que es peligrosa y no lo es,1
Página web segura bloqueada,El antivirus o el navegador me están bloqueando una página segura,1
Página web segura bloqueada,¿Por qué no me deja entrar a una web si tiene certificado SSL?,1
Página web segura bloqueada,Estoy intentando abrir un sitio web confiable y no me lo permite,1
Página web segura bloqueada,Bloquea una página HTTPS que necesito usar,1
Página web segura bloqueada,¿Cómo desactivo el bloqueo de seguridad para una página específica?,1
Página web segura bloqueada,Mi equipo considera una web segura como amenaza y la bloquea ¿qué hago?,1
Página web segura bloqueada,No puedo imprimir desde mi equipo,0
Página web segura bloqueada,Se ha bloqueado mi cuenta de Windows,0
Página web segura bloqueada,No abre la aplicación Avalon en el TPV,0
Página web segura bloqueada,No tengo acceso a la VPN de la empresa,0
Página web segura bloqueada,Mi PC no detecta la red Wi-Fi,0
Página web segura bloqueada,La impresora no aparece en el listado del sistema,0
Página web segura bloqueada,No puedo acceder a GsBase ni a otras herramientas,0
Página web segura bloqueada,El lector de pasaportes no está funcionando,0
Página web segura bloqueada,Tengo problemas para cambiar la contraseña de mi equipo,0
Página web segura bloqueada,No funciona el correo corporativo en Gmail,0
Problemas al cargar página web o errores de certificados digitales,Me da error de certificado cuando intento entrar a una página,1
Problemas al cargar página web o errores de certificados digitales,El navegador dice que la conexión no es segura y no carga la web,1
Problemas al cargar página web o errores de certificados digitales,Tengo problemas para abrir una página por un aviso de seguridad,1
Problemas al cargar página web o errores de certificados digitales,No se puede acceder al sitio aparece un mensaje sobre certificado inválido,1
Problemas al cargar página web o errores de certificados digitales,Me sale una advertencia de que el certificado ha expirado,1
Problemas al cargar página web o errores de certificados digitales,No puedo entrar a una web porque dice que hay un problema con el certificado digital,1
Problemas al cargar página web o errores de certificados digitales,Aparece un error tipo SSL cuando intento cargar una página,1
Problemas al cargar página web o errores de certificados digitales,La página no carga por un problema de seguridad o autenticación,1
Problemas al cargar página web o errores de certificados digitales,¿Cómo soluciono un error de certificado en el navegador?,1
Problemas al cargar página web o errores de certificados digitales,Me bloquea una página por problemas con el cifrado o el certificado,1
Problemas al cargar página web o errores de certificados digitales,No puedo imprimir desde la impresora de red,0
Problemas al cargar página web o errores de certificados digitales,Se bloqueó mi cuenta de Windows y no puedo acceder,0
Problemas al cargar página web o errores de certificados digitales,No funciona Avalon en el terminal punto de venta,0
Problemas al cargar página web o errores de certificados digitales,No me conecta la VPN desde casa,0
Problemas al cargar página web o errores de certificados digitales,La red Wi-Fi no está disponible en esta ubicación,0
Problemas al cargar página web o errores de certificados digitales,No se reconoce el lector de documentos conectado,0
Problemas al cargar página web o errores de certificados digitales,No puedo cambiar la contraseña de mi equipo,0
Problemas al cargar página web o errores de certificados digitales,Mi ordenador no arranca y se queda en negro,0
Problemas al cargar página web o errores de certificados digitales,Tengo problemas para acceder a GsBase desde el servidor,0
Problemas al cargar página web o errores de certificados digitales,No recibo correos en la cuenta corporativa de Gmail,0
Sin conexión a Internet (Wi-Fi) al desplazarse a una sede diferente,Me cambié de oficina y ahora no tengo Internet,1
Sin conexión a Internet (Wi-Fi) al desplazarse a una sede diferente,No puedo conectarme al Wi-Fi desde esta sede,1
Sin conexión a Internet (Wi-Fi) al desplazarse a una sede diferente,La red inalámbrica no funciona en esta ubicación,1
Sin conexión a Internet (Wi-Fi) al desplazarse a una sede diferente,En la otra sede tenía Internet pero aquí no se conecta,1
Sin conexión a Internet (Wi-Fi) al desplazarse a una sede diferente,Mi laptop no detecta la red Wi-Fi en esta oficina,1
Sin conexión a Internet (Wi-Fi) al desplazarse a una sede diferente,No tengo acceso a Internet desde esta nueva ubicación,1
Sin conexión a Internet (Wi-Fi) al desplazarse a una sede diferente,¿Por qué no me conecta el Wi-Fi al cambiar de sede?,1
Sin conexión a Internet (Wi-Fi) al desplazarse a una sede diferente,Me moví a otra sala y perdí la conexión inalámbrica,1
Sin conexión a Internet (Wi-Fi) al desplazarse a una sede diferente,El Wi-Fi no se conecta al llegar a esta parte del edificio,1
Sin conexión a Internet (Wi-Fi) al desplazarse a una sede diferente,Cambié de sitio y ahora no tengo señal de Internet,1
Sin conexión a Internet (Wi-Fi) al desplazarse a una sede diferente,No puedo acceder a la aplicación Avalon desde el TPV,0
Sin conexión a Internet (Wi-Fi) al desplazarse a una sede diferente,El lector de pasaportes no funciona correctamente,0
Sin conexión a Internet (Wi-Fi) al desplazarse a una sede diferente,Se bloqueó mi cuenta de usuario en Windows,0
Sin conexión a Internet (Wi-Fi) al desplazarse a una sede diferente,Tengo problemas para imprimir en la impresora de red,0
Sin conexión a Internet (Wi-Fi) al desplazarse a una sede diferente,No puedo restablecer la contraseña del correo corporativo,0
Sin conexión a Internet (Wi-Fi) al desplazarse a una sede diferente,No se carga correctamente GsBase ni Conex,0
Sin conexión a Internet (Wi-Fi) al desplazarse a una sede diferente,Me aparece un error de certificado al abrir una web,0
Sin conexión a Internet (Wi-Fi) al desplazarse a una sede diferente,Mi equipo muestra una pantalla azul al arrancar,0
Sin conexión a Internet (Wi-Fi) al desplazarse a una sede diferente,No me deja cambiar la contraseña de inicio de sesión,0
Sin conexión a Internet (Wi-Fi) al desplazarse a una sede diferente,No funciona la integración de Gemini con Google Drive,0
Problemas con Gemini para acceder o integrar herramientas de Google,No puedo usar Gemini con mi cuenta de Google,1
Problemas con Gemini para acceder o integrar herramientas de Google,Tengo fallos al conectar Gemini con Drive o Gmail,1
Problemas con Gemini para acceder o integrar herramientas de Google,Gemini no me deja acceder a mis archivos de Google,1
Problemas con Gemini para acceder o integrar herramientas de Google,No se integra bien Gemini con mis herramientas de Google Workspace,1
Problemas con Gemini para acceder o integrar herramientas de Google,Me da error cuando intento usar Gemini con Google Docs,1
Problemas con Gemini para acceder o integrar herramientas de Google,Gemini no está funcionando correctamente con las apps de Google,1
Problemas con Gemini para acceder o integrar herramientas de Google,No puedo vincular mi cuenta de Google con Gemini.,1
Problemas con Gemini para acceder o integrar herramientas de Google,Estoy teniendo problemas para usar Gemini junto a servicios de Google,1
Problemas con Gemini para acceder o integrar herramientas de Google,No me deja abrir documentos de Google desde Gemini,1
Problemas con Gemini para acceder o integrar herramientas de Google,Gemini y Google no se están comunicando bien no funciona la integración,1
Problemas con Gemini para acceder o integrar herramientas de Google,No puedo imprimir desde la impresora compartida,0
Problemas con Gemini para acceder o integrar herramientas de Google,Mi cuenta de Windows está bloqueada y no puedo entrar,0
Problemas con Gemini para acceder o integrar herramientas de Google,El lector de documentos no responde,0
Problemas con Gemini para acceder o integrar herramientas de Google,Tengo problemas de red en la nueva sede,0
Problemas con Gemini para acceder o integrar herramientas de Google,No carga la aplicación Avalon en el TPV,0
Problemas con Gemini para acceder o integrar herramientas de Google,No puedo acceder a GsBase desde el servidor,0
Problemas con Gemini para acceder o integrar herramientas de Google,No me conecta la VPN para entrar a los sistemas corporativos,0
Problemas con Gemini para acceder o integrar herramientas de Google,Me sale un error de certificado digital en una página web,0
Problemas con Gemini para acceder o integrar herramientas de Google,No me deja cambiar la contraseña de mi ordenador,0
Problemas con Gemini para acceder o integrar herramientas de Google,El sistema muestra una pantalla azul al iniciar,0
Sin acceso a servidores o herramientas corporativas como Sigrid Proxium Avalon Gsbase o Sage (VPN),No puedo entrar a las aplicaciones del trabajo como Sigrid o Sage,1
Sin acceso a servidores o herramientas corporativas como Sigrid Proxium Avalon Gsbase o Sage (VPN),Las herramientas corporativas no cargan creo que es por la VPN,1
Sin acceso a servidores o herramientas corporativas como Sigrid Proxium Avalon Gsbase o Sage (VPN),Estoy fuera de la oficina y no tengo acceso a Proxium ni a Avalon,1
Sin acceso a servidores o herramientas corporativas como Sigrid Proxium Avalon Gsbase o Sage (VPN),No me conecta la VPN y no puedo usar los programas de la empresa,1
Sin acceso a servidores o herramientas corporativas como Sigrid Proxium Avalon Gsbase o Sage (VPN),No tengo acceso remoto a Gsbase ni a otros sistemas internos,1
Sin acceso a servidores o herramientas corporativas como Sigrid Proxium Avalon Gsbase o Sage (VPN),Desde casa no me abre ninguna herramienta corporativa,1
Sin acceso a servidores o herramientas corporativas como Sigrid Proxium Avalon Gsbase o Sage (VPN),¿Por qué no puedo usar Sage si tengo la VPN activa?,1
Sin acceso a servidores o herramientas corporativas como Sigrid Proxium Avalon Gsbase o Sage (VPN),Me da error al intentar conectarme a los servidores internos,1
Sin acceso a servidores o herramientas corporativas como Sigrid Proxium Avalon Gsbase o Sage (VPN),Las plataformas del trabajo como Avalon o Sigrid no funcionan fuera de la red,1
Sin acceso a servidores o herramientas corporativas como Sigrid Proxium Avalon Gsbase o Sage (VPN),Estoy conectado a la VPN pero no puedo acceder a las herramientas de la empresa,1
Sin acceso a servidores o herramientas corporativas como Sigrid Proxium Avalon Gsbase o Sage (VPN),No puedo imprimir en la impresora de red del departamento,0
Sin acceso a servidores o herramientas corporativas como Sigrid Proxium Avalon Gsbase o Sage (VPN),Me aparece una pantalla azul al encender el ordenador,0
Sin acceso a servidores o herramientas corporativas como Sigrid Proxium Avalon Gsbase o Sage (VPN),No funciona el lector de pasaportes conectado a la tablet,0
Sin acceso a servidores o herramientas corporativas como Sigrid Proxium Avalon Gsbase o Sage (VPN),Tengo errores al intentar abrir páginas web seguras,0
Sin acceso a servidores o herramientas corporativas como Sigrid Proxium Avalon Gsbase o Sage (VPN),No me deja cambiar la contraseña de mi equipo,0
Sin acceso a servidores o herramientas corporativas como Sigrid Proxium Avalon Gsbase o Sage (VPN),No funciona la integración de Gemini con Google Docs,0
Sin acceso a servidores o herramientas corporativas como Sigrid Proxium Avalon Gsbase o Sage (VPN),No puedo actualizar Windows en mi portátil,0
Sin acceso a servidores o herramientas corporativas como Sigrid Proxium Avalon Gsbase o Sage (VPN),Mi cuenta de correo corporativo está bloqueada,0
Sin acceso a servidores o herramientas corporativas como Sigrid Proxium Avalon Gsbase o Sage (VPN),No se guarda la configuración de la impresora,0
Sin acceso a servidores o herramientas corporativas como Sigrid Proxium Avalon Gsbase o Sage (VPN),No tengo conexión Wi-Fi tras cambiar de sede,0
No puede conectar abrir o acceder a la aplicación Avalon,No me abre Avalon ¿puedes ayudarme?,1
No puede conectar abrir o acceder a la aplicación Avalon,Estoy intentando entrar a Avalon pero no se conecta,1
No puede conectar abrir o acceder a la aplicación Avalon,La aplicación Avalon no carga en mi equipo,1
No puede conectar abrir o acceder a la aplicación Avalon,No puedo acceder a Avalon desde mi sesión,1
No puede conectar abrir o acceder a la aplicación Avalon,Me da error cuando intento abrir Avalon,1
No puede conectar abrir o acceder a la aplicación Avalon,Avalon no funciona no sé si es mi red o la app,1
No puede conectar abrir o acceder a la aplicación Avalon,No consigo iniciar Avalon se queda bloqueado,1
No puede conectar abrir o acceder a la aplicación Avalon,La plataforma Avalon no responde cuando trato de usarla,1
No puede conectar abrir o acceder a la aplicación Avalon,Tengo problemas para entrar a Avalon no me deja avanzar,1
No puede conectar abrir o acceder a la aplicación Avalon,¿Por qué no puedo abrir Avalon hoy? Nunca me había pasado,1
No puede conectar abrir o acceder a la aplicación Avalon,No puedo imprimir desde la impresora de red del despacho,0
No puede conectar abrir o acceder a la aplicación Avalon,No me conecta la VPN desde casa,0
No puede conectar abrir o acceder a la aplicación Avalon,Tengo problemas con el lector de documentos del mostrador,0
No puede conectar abrir o acceder a la aplicación Avalon,No funciona el correo de Gmail corporativo,0
No puede conectar abrir o acceder a la aplicación Avalon,Mi equipo muestra una pantalla azul al encender,0
No puede conectar abrir o acceder a la aplicación Avalon,No tengo conexión Wi-Fi en esta sede,0
No puede conectar abrir o acceder a la aplicación Avalon,Se ha bloqueado mi cuenta de usuario en Windows,0
No puede conectar abrir o acceder a la aplicación Avalon,No puedo cambiar la contraseña del sistema,0
No puede conectar abrir o acceder a la aplicación Avalon,Me da error de certificado al abrir una página web,0
No puede conectar abrir o acceder a la aplicación Avalon,No tengo acceso a GsBase ni a otras herramientas,0
La impresora no está imprimiendo documentos o presenta fallo general,Mi impresora no imprime nada no sé qué le pasa,1
La impresora no está imprimiendo documentos o presenta fallo general,Mando documentos a imprimir pero no sale nada,1
La impresora no está imprimiendo documentos o presenta fallo general,La impresora está encendida pero no responde,1
La impresora no está imprimiendo documentos o presenta fallo general,No puedo imprimir la impresora parece tener un error,1
La impresora no está imprimiendo documentos o presenta fallo general,Intento imprimir y no pasa nada no da ningún aviso,1
La impresora no está imprimiendo documentos o presenta fallo general,La cola de impresión no avanza y la impresora no hace nada,1
La impresora no está imprimiendo documentos o presenta fallo general,Me da fallo al intentar imprimir cualquier documento,1
La impresora no está imprimiendo documentos o presenta fallo general,No hay forma de que la impresora funcione ya probé varias veces,1
La impresora no está imprimiendo documentos o presenta fallo general,La impresora está conectada pero no imprime ni un solo archivo,1
La impresora no está imprimiendo documentos o presenta fallo general,Algo le pasa a la impresora no imprime ni da señales de actividad,1
La impresora no está imprimiendo documentos o presenta fallo general,No puedo acceder a la aplicación Avalon desde el TPV,0
La impresora no está imprimiendo documentos o presenta fallo general,Me aparece un error de certificado en una página web,0
La impresora no está imprimiendo documentos o presenta fallo general,El lector de pasaportes no está funcionando correctamente,0
La impresora no está imprimiendo documentos o presenta fallo general,No tengo conexión Wi-Fi tras cambiar de sede,0
La impresora no está imprimiendo documentos o presenta fallo general,No me conecta la VPN para acceder a los sistemas internos,0
La impresora no está imprimiendo documentos o presenta fallo general,Tengo problemas con la integración de Gemini y Google Drive,0
La impresora no está imprimiendo documentos o presenta fallo general,No puedo cambiar la contraseña de mi cuenta en Windows,0
La impresora no está imprimiendo documentos o presenta fallo general,Mi cuenta de correo corporativo está bloqueada,0
La impresora no está imprimiendo documentos o presenta fallo general,No tengo acceso a GsBase ni a Conex,0
La impresora no está imprimiendo documentos o presenta fallo general,El ordenador muestra pantalla azul al iniciar,0
Errores operativos al usar la aplicación Avalon (TPV cierres cargos),Avalon me da error cuando intento hacer un cierre de caja,1
Errores operativos al usar la aplicación Avalon (TPV cierres cargos),No puedo completar una operación en Avalon algo falla,1
Errores operativos al usar la aplicación Avalon (TPV cierres cargos),La TPV con Avalon no está registrando bien los cargos,1
Errores operativos al usar la aplicación Avalon (TPV cierres cargos),Estoy teniendo problemas con Avalon al hacer ventas,1
Errores operativos al usar la aplicación Avalon (TPV cierres cargos),No se puede cerrar el turno en Avalon sale un mensaje de error,1
Errores operativos al usar la aplicación Avalon (TPV cierres cargos),Falla Avalon al cargar los importes en el sistema,1
Errores operativos al usar la aplicación Avalon (TPV cierres cargos),El sistema Avalon se queda colgado cuando intento cobrar,1
Errores operativos al usar la aplicación Avalon (TPV cierres cargos),Avalon no deja terminar correctamente el proceso de pago,1
Errores operativos al usar la aplicación Avalon (TPV cierres cargos),Tengo errores con Avalon al registrar operaciones del día,1
Errores operativos al usar la aplicación Avalon (TPV cierres cargos),No me deja continuar con el cobro en Avalon se bloquea la aplicación,1
Errores operativos al usar la aplicación Avalon (TPV cierres cargos),No tengo conexión Wi-Fi en esta sede nueva,0
Errores operativos al usar la aplicación Avalon (TPV cierres cargos),El lector de pasaportes no funciona al escanear,0
Errores operativos al usar la aplicación Avalon (TPV cierres cargos),No puedo imprimir desde la impresora de red,0
Errores operativos al usar la aplicación Avalon (TPV cierres cargos),No me deja acceder al correo de Gmail corporativo,0
Errores operativos al usar la aplicación Avalon (TPV cierres cargos),Se bloqueó mi cuenta en el sistema Windows,0
Errores operativos al usar la aplicación Avalon (TPV cierres cargos),Tengo problemas para conectar la VPN desde fuera,0
Errores operativos al usar la aplicación Avalon (TPV cierres cargos),Me aparece un error de certificado digital en una web,0
Errores operativos al usar la aplicación Avalon (TPV cierres cargos),No puedo acceder a GsBase ni a Conex,0
Errores operativos al usar la aplicación Avalon (TPV cierres cargos),El sistema muestra pantalla azul al arrancar,0
Errores operativos al usar la aplicación Avalon (TPV cierres cargos),No funciona la integración entre Gemini y Google Calendar,0
TPV sin conexión de red o acceso a Avalon,El TPV no tiene conexión y no carga Avalon,1
TPV sin conexión de red o acceso a Avalon,No puedo usar la caja porque no se conecta a la red,1
TPV sin conexión de red o acceso a Avalon,Avalon no abre en el TPV parece que no hay Internet,1
TPV sin conexión de red o acceso a Avalon,El terminal de punto de venta no se conecta al sistema,1
TPV sin conexión de red o acceso a Avalon,No tengo acceso a Avalon desde el TPV ¿puede ser por la red,1
TPV sin conexión de red o acceso a Avalon,La caja está sin conexión y no puedo trabajar con Avalon,1
TPV sin conexión de red o acceso a Avalon,Me sale error de red al intentar abrir Avalon en el punto de venta,1
TPV sin conexión de red o acceso a Avalon,No se puede iniciar sesión en Avalon desde la TPV no hay red,1
TPV sin conexión de red o acceso a Avalon,No puedo operar con el TPV porque no accede a Avalon ni a la red,1
TPV sin conexión de red o acceso a Avalon,El sistema de ventas no responde creo que hay un problema de conexión,1
TPV sin conexión de red o acceso a Avalon,No puedo imprimir en la impresora de red compartida,0
TPV sin conexión de red o acceso a Avalon,El lector de documentos no está funcionando correctamente,0
TPV sin conexión de red o acceso a Avalon,Tengo problemas con el correo corporativo en Gmail,0
TPV sin conexión de red o acceso a Avalon,Me aparece un error de certificado al entrar en una web,0
TPV sin conexión de red o acceso a Avalon,No puedo cambiar la contraseña de mi cuenta en Windows,0
TPV sin conexión de red o acceso a Avalon,El ordenador no arranca y muestra una pantalla azul,0
TPV sin conexión de red o acceso a Avalon,No se reconoce la impresora en mi equipo,0
TPV sin conexión de red o acceso a Avalon,No tengo acceso a GsBase desde esta ubicación,0
TPV sin conexión de red o acceso a Avalon,No puedo iniciar sesión en Windows tras actualizar,0
TPV sin conexión de red o acceso a Avalon,El sistema Gemini no se conecta con Google Drive,0
Cuenta bloqueada (Windows aplicación específica BitLocker),No puedo entrar a mi cuenta me dice que está bloqueada,1
Cuenta bloqueada (Windows aplicación específica BitLocker),Mi sesión de Windows está bloqueada y no me deja acceder,1
Cuenta bloqueada (Windows aplicación específica BitLocker),Me pide la clave de BitLocker y no puedo continuar,1
Cuenta bloqueada (Windows aplicación específica BitLocker),La aplicación no me deja entrar parece que se bloqueó mi usuario,1
Cuenta bloqueada (Windows aplicación específica BitLocker),No tengo acceso porque se bloqueó la cuenta del sistema,1
Cuenta bloqueada (Windows aplicación específica BitLocker),Me aparece un mensaje de cuenta suspendida cuando intento iniciar sesión,1
Cuenta bloqueada (Windows aplicación específica BitLocker),El sistema me sacó y ahora mi cuenta está deshabilitada,1
Cuenta bloqueada (Windows aplicación específica BitLocker),BitLocker está pidiendo una clave que no tengo no puedo avanzar,1
Cuenta bloqueada (Windows aplicación específica BitLocker),No puedo abrir el programa me dice que la cuenta fue bloqueada por seguridad,1
Cuenta bloqueada (Windows aplicación específica BitLocker),¿Cómo desbloqueo mi usuario? No me deja hacer nada,1
Cuenta bloqueada (Windows aplicación específica BitLocker),No puedo imprimir desde la impresora de red,0
Cuenta bloqueada (Windows aplicación específica BitLocker),El lector de pasaportes no responde al conectar la tablet,0
Cuenta bloqueada (Windows aplicación específica BitLocker),Me aparece un error de certificado al entrar en una web segura,0
Cuenta bloqueada (Windows aplicación específica BitLocker),No tengo conexión Wi-Fi al cambiar de sede,0
Cuenta bloqueada (Windows aplicación específica BitLocker),No me deja abrir la aplicación Avalon en el TPV,0
Cuenta bloqueada (Windows aplicación específica BitLocker),La integración de Gemini con Google Calendar no funciona,0
Cuenta bloqueada (Windows aplicación específica BitLocker),No puedo acceder a GsBase desde esta red,0
Cuenta bloqueada (Windows aplicación específica BitLocker),El sistema muestra una pantalla azul al encender,0
Cuenta bloqueada (Windows aplicación específica BitLocker),No me conecta la VPN desde casa,0
Cuenta bloqueada (Windows aplicación específica BitLocker),No puedo cambiar la configuración de la impresora,0
Configuración Incorrecta de Impresoras (Avalon Servidor o PC),La impresora no está bien configurada y no me deja imprimir desde Avalon,1
Configuración Incorrecta de Impresoras (Avalon Servidor o PC),No aparece la impresora correcta en el sistema creo que está mal puesta,1
Configuración Incorrecta de Impresoras (Avalon Servidor o PC),La configuración de impresión parece incorrecta no salen los tickets,1
Configuración Incorrecta de Impresoras (Avalon Servidor o PC),Avalon está mandando las impresiones a la impresora equivocada,1
Configuración Incorrecta de Impresoras (Avalon Servidor o PC),No se ha asignado bien la impresora en mi ordenador,1
Configuración Incorrecta de Impresoras (Avalon Servidor o PC),Hay un problema con las impresoras del servidor no funcionan desde los TPV,1
Configuración Incorrecta de Impresoras (Avalon Servidor o PC),Creo que tengo mal configurada la impresora y no me imprime lo que debería,1
Configuración Incorrecta de Impresoras (Avalon Servidor o PC),No me deja imprimir porque no encuentra la impresora configurada,1
Configuración Incorrecta de Impresoras (Avalon Servidor o PC),El sistema no reconoce la impresora que debería estar conectada,1
Configuración Incorrecta de Impresoras (Avalon Servidor o PC),Tengo problemas con la configuración de impresión desde Avalon o el servidor,1
Configuración Incorrecta de Impresoras (Avalon Servidor o PC),No puedo acceder al correo corporativo en Gmail,0
Configuración Incorrecta de Impresoras (Avalon Servidor o PC),Avalon no abre desde el TPV,0
Configuración Incorrecta de Impresoras (Avalon Servidor o PC),El lector de pasaportes conectado a la tablet no funciona,0
Configuración Incorrecta de Impresoras (Avalon Servidor o PC),Tengo problemas con la VPN al trabajar desde casa,0
Configuración Incorrecta de Impresoras (Avalon Servidor o PC),No tengo conexión Wi-Fi tras moverme de sede,0
Configuración Incorrecta de Impresoras (Avalon Servidor o PC),Me aparece un error de certificado al abrir una página web,0
Configuración Incorrecta de Impresoras (Avalon Servidor o PC),No puedo cambiar la contraseña de mi equipo Windows,0
Configuración Incorrecta de Impresoras (Avalon Servidor o PC),No accedo a GsBase ni a Conex,0
Configuración Incorrecta de Impresoras (Avalon Servidor o PC),La integración de Gemini con Google Calendar no funciona,0
Configuración Incorrecta de Impresoras (Avalon Servidor o PC),Pantalla azul al iniciar el ordenador,0
Lector de pasaportes/documentos o tablet conectada no funciona,El lector de documentos no está respondiendo,1
Lector de pasaportes/documentos o tablet conectada no funciona,La tablet que usamos para escanear no funciona,1
Lector de pasaportes/documentos o tablet conectada no funciona,No puedo leer pasaportes el dispositivo no hace nada,1
Lector de pasaportes/documentos o tablet conectada no funciona,El escáner de documentos no está operativo,1
Lector de pasaportes/documentos o tablet conectada no funciona,No detecta el lector cuando conecto la tablet,1
Lector de pasaportes/documentos o tablet conectada no funciona,El sistema no reconoce el lector de pasaportes,1
Lector de pasaportes/documentos o tablet conectada no funciona,La tablet está encendida pero no funciona con el lector,1
Lector de pasaportes/documentos o tablet conectada no funciona,No puedo escanear el lector no reacciona,1
Lector de pasaportes/documentos o tablet conectada no funciona,La aplicación no se comunica con el lector de documentos,1
Lector de pasaportes/documentos o tablet conectada no funciona,Tengo problemas con el lector o la tablet no puedo registrar a los clientes,1
Lector de pasaportes/documentos o tablet conectada no funciona,No puedo imprimir desde la impresora de red del departamento,0
Lector de pasaportes/documentos o tablet conectada no funciona,Me aparece una pantalla azul al encender el equipo,0
Lector de pasaportes/documentos o tablet conectada no funciona,No carga la aplicación Avalon desde el TPV,0
Lector de pasaportes/documentos o tablet conectada no funciona,La VPN no se conecta al trabajar desde casa,0
Lector de pasaportes/documentos o tablet conectada no funciona,No puedo acceder al correo de Google Workspace,0
Lector de pasaportes/documentos o tablet conectada no funciona,Tengo errores al intentar abrir una web segura,0
Lector de pasaportes/documentos o tablet conectada no funciona,No puedo cambiar la contraseña de mi cuenta de Windows,0
Lector de pasaportes/documentos o tablet conectada no funciona,No tengo acceso a GsBase ni Conex desde esta red,0
Lector de pasaportes/documentos o tablet conectada no funciona,No hay conexión Wi-Fi en esta sede nueva,0
Lector de pasaportes/documentos o tablet conectada no funciona,La integración de Gemini con Google Calendar no está funcionando,0
Fallo de hardware PC no arranca o pantalla azul (BSOD),Mi ordenador no enciende se queda en negro,1
Fallo de hardware PC no arranca o pantalla azul (BSOD),El PC muestra una pantalla azul y se reinicia solo,1
Fallo de hardware PC no arranca o pantalla azul (BSOD),No puedo arrancar el equipo algo falla al encender,1
Fallo de hardware PC no arranca o pantalla azul (BSOD),Aparece un error en azul cuando intento iniciar sesión,1
Fallo de hardware PC no arranca o pantalla azul (BSOD),Tengo un fallo de hardware no pasa del logo al iniciar,1
Fallo de hardware PC no arranca o pantalla azul (BSOD),El computador se apaga o reinicia antes de cargar Windows,1
Fallo de hardware PC no arranca o pantalla azul (BSOD),La pantalla se queda congelada en azul con un mensaje de error,1
Fallo de hardware PC no arranca o pantalla azul (BSOD),No arranca el sistema operativo parece un problema grave,1
Fallo de hardware PC no arranca o pantalla azul (BSOD),Desde esta mañana el PC no responde al encenderlo,1
Fallo de hardware PC no arranca o pantalla azul (BSOD),Me sale un pantallazo azul con un código y no puedo usar el ordenador,1
Fallo de hardware PC no arranca o pantalla azul (BSOD),No puedo imprimir desde la impresora compartida,0
Fallo de hardware PC no arranca o pantalla azul (BSOD),No me carga la aplicación Avalon en el TPV,0
Fallo de hardware PC no arranca o pantalla azul (BSOD),La VPN no se conecta desde fuera de la oficina,0
Fallo de hardware PC no arranca o pantalla azul (BSOD),No tengo acceso al correo corporativo en Gmail,0
Fallo de hardware PC no arranca o pantalla azul (BSOD),El lector de pasaportes conectado no funciona,0
Fallo de hardware PC no arranca o pantalla azul (BSOD),No puedo acceder a GsBase ni a Conex desde mi PC,0
Fallo de hardware PC no arranca o pantalla azul (BSOD),Tampoco puedo cambiar la contraseña del sistema,0
Fallo de hardware PC no arranca o pantalla azul (BSOD),Me aparece un error de certificado al abrir una página web,0
Fallo de hardware PC no arranca o pantalla azul (BSOD),No tengo conexión Wi-Fi después de cambiar de sede,0
Fallo de hardware PC no arranca o pantalla azul (BSOD),La integración de Gemini con Google Drive está fallando,0
Caída general de sistemas o pérdida de conexión por problemas eléctricos,Se fue la luz y todo el sistema dejó de funcionar,1
Caída general de sistemas o pérdida de conexión por problemas eléctricos,Hubo un corte eléctrico y perdimos la conexión a todo,1
Caída general de sistemas o pérdida de conexión por problemas eléctricos,Ningún equipo responde creo que ha habido una caída general,1
Caída general de sistemas o pérdida de conexión por problemas eléctricos,Los sistemas están fuera de línea desde el apagón,1
Caída general de sistemas o pérdida de conexión por problemas eléctricos,Después de un problema eléctrico nada vuelve a conectar,1
Caída general de sistemas o pérdida de conexión por problemas eléctricos,Todo se desconectó por una bajada de tensión,1
Caída general de sistemas o pérdida de conexión por problemas eléctricos,No tenemos acceso a nada desde que se fue la corriente,1
Caída general de sistemas o pérdida de conexión por problemas eléctricos,El corte de energía afectó todos los servicios del sistema,1
Caída general de sistemas o pérdida de conexión por problemas eléctricos,Los servidores no responden tras el fallo eléctrico,1
Caída general de sistemas o pérdida de conexión por problemas eléctricos,Se cayó toda la red por una interrupción de luz,1
Caída general de sistemas o pérdida de conexión por problemas eléctricos,No puedo imprimir desde la impresora conectada en red,0
Caída general de sistemas o pérdida de conexión por problemas eléctricos,La aplicación Avalon no abre en el TPV,0
Caída general de sistemas o pérdida de conexión por problemas eléctricos,No funciona el lector de documentos en la tablet,0
Caída general de sistemas o pérdida de conexión por problemas eléctricos,No tengo acceso a GsBase ni Conex,0
Caída general de sistemas o pérdida de conexión por problemas eléctricos,No puedo conectarme a la VPN desde casa,0
Caída general de sistemas o pérdida de conexión por problemas eléctricos,Me aparece un error de certificado digital en el navegador,0
Caída general de sistemas o pérdida de conexión por problemas eléctricos,No tengo Wi-Fi después de cambiar de sede,0
Caída general de sistemas o pérdida de conexión por problemas eléctricos,Mi equipo muestra una pantalla azul al iniciar,0
Caída general de sistemas o pérdida de conexión por problemas eléctricos,No puedo cambiar la contraseña de mi cuenta de Windows,0
Caída general de sistemas o pérdida de conexión por problemas eléctricos,La integración de Gemini con Google Calendar falla,0
Problemas de conexión o fallos en GsBase o Conex,No me conecta GsBase ni Conex desde esta mañana,1
Problemas de conexión o fallos en GsBase o Conex,GsBase no carga y Conex tampoco responde,1
Problemas de conexión o fallos en GsBase o Conex,No puedo acceder a GsBase ¿está caído?,1
Problemas de conexión o fallos en GsBase o Conex,La aplicación Conex se queda colgada al iniciar,1
Problemas de conexión o fallos en GsBase o Conex,Me da error al intentar entrar en GsBase,1
Problemas de conexión o fallos en GsBase o Conex,Ambas herramientas están dando fallo de red,1
Problemas de conexión o fallos en GsBase o Conex,Conex no abre y GsBase se queda en blanco,1
Problemas de conexión o fallos en GsBase o Conex,No se puede conectar con el servidor desde GsBase,1
Problemas de conexión o fallos en GsBase o Conex,Tengo problemas para usar GsBase no responde,1
Problemas de conexión o fallos en GsBase o Conex,Error de conexión al abrir Conex o GsBase,1
Problemas de conexión o fallos en GsBase o Conex,No me conecta GsBase ni Conex desde esta mañana,1
Problemas de conexión o fallos en GsBase o Conex,GsBase no carga y Conex tampoco responde,1
Problemas de conexión o fallos en GsBase o Conex,No puedo acceder a GsBase ¿está caído?,1
Problemas de conexión o fallos en GsBase o Conex,La aplicación Conex se queda colgada al iniciar,1
Problemas de conexión o fallos en GsBase o Conex,Me da error al intentar entrar en GsBase,1
Problemas de conexión o fallos en GsBase o Conex,Ambas herramientas están dando fallo de red,1
Problemas de conexión o fallos en GsBase o Conex,Conex no abre y GsBase se queda en blanco,1
Problemas de conexión o fallos en GsBase o Conex,No se puede conectar con el servidor desde GsBase,1
Problemas de conexión o fallos en GsBase o Conex,Tengo problemas para usar GsBase no responde,1
Problemas de conexión o fallos en GsBase o Conex,No puedo imprimir en la impresora de red,0
Problemas de conexión o fallos en GsBase o Conex,Me aparece un error de certificado al abrir una web segura,0
Problemas de conexión o fallos en GsBase o Conex,No se abre Avalon desde el TPV,0
Problemas de conexión o fallos en GsBase o Conex,No tengo conexión Wi-Fi después de cambiar de sede,0
Problemas de conexión o fallos en GsBase o Conex,No puedo acceder al correo corporativo en Gmail,0
Problemas de conexión o fallos en GsBase o Conex,Se ha bloqueado mi cuenta en Windows,0
Problemas de conexión o fallos en GsBase o Conex,El lector de documentos no responde al escanear,0
Problemas de conexión o fallos en GsBase o Conex,Mi portátil muestra pantalla azul al arrancar,0
Problemas de conexión o fallos en GsBase o Conex,No me permite cambiar la contraseña del sistema,0
Problemas de conexión o fallos en GsBase o Conex,La integración de Gemini con Google Drive no funciona bien,0
Compras de material informático,Necesito pedir equipo informático nuevo,1
Compras de material informático,¿Cómo solicito un ordenador o periféricos?,1
Compras de material informático,Quiero hacer una solicitud de material tecnológico,1
Compras de material informático,Hay que reponer material informático en la oficina,1
Compras de material informático,¿Se puede tramitar la compra de un portátil?,1
Compras de material informático,Estoy buscando renovar parte del equipo informático,1
Compras de material informático,¿A quién pido teclados ratones o pantallas?,1
Compras de material informático,Necesitamos comprar componentes para los ordenadores,1
Compras de material informático,Me hace falta nuevo material de informática,1
Compras de material informático,Quiero iniciar un pedido de equipamiento IT,1
Compras de material informático,No puedo imprimir en la impresora de red,0
Compras de material informático,Me aparece una pantalla azul al iniciar el ordenador,0
Compras de material informático,No carga la aplicación Avalon en el TPV,0
Compras de material informático,No tengo acceso al correo corporativo,0
Compras de material informático,El lector de documentos no responde,0
Compras de material informático,No se conecta la VPN desde fuera de la oficina,0
Compras de material informático,Tengo problemas para acceder a GsBase y Conex,0
Compras de material informático,No puedo cambiar la contraseña de mi cuenta de Windows,0
Compras de material informático,Error de certificado digital al abrir una web segura,0
Compras de material informático,No hay conexión Wi-Fi en esta sede,0
Proceso para Nuevas Incorporaciones (Empleados y Becarios),¿Cuál es el procedimiento para dar de alta a un nuevo empleado?,1
Proceso para Nuevas Incorporaciones (Empleados y Becarios),Necesito incorporar a un becario ¿qué pasos hay que seguir?,1
Proceso para Nuevas Incorporaciones (Empleados y Becarios),¿Cómo se gestiona la entrada de una nueva persona al equipo?,1
Proceso para Nuevas Incorporaciones (Empleados y Becarios),Quiero saber cómo tramitar el alta de un nuevo trabajador,1
Proceso para Nuevas Incorporaciones (Empleados y Becarios),¿Qué hay que hacer para integrar a un nuevo becario?,1
Proceso para Nuevas Incorporaciones (Empleados y Becarios),Necesito información para iniciar el onboarding de un nuevo empleado,1
Proceso para Nuevas Incorporaciones (Empleados y Becarios),¿A quién debo avisar para incorporar a un nuevo miembro al departamento?,1
Proceso para Nuevas Incorporaciones (Empleados y Becarios),¿Qué documentación necesito para que un becario empiece?,1
Proceso para Nuevas Incorporaciones (Empleados y Becarios),Estoy gestionando la incorporación de un nuevo compañero,1
Proceso para Nuevas Incorporaciones (Empleados y Becarios),¿Puedes ayudarme con los pasos para dar de alta a alguien en el sistema?,1
Proceso para Nuevas Incorporaciones (Empleados y Becarios),No puedo imprimir desde la impresora compartida,0
Proceso para Nuevas Incorporaciones (Empleados y Becarios),El lector de documentos no responde al escanear,0
Proceso para Nuevas Incorporaciones (Empleados y Becarios),No tengo conexión Wi-Fi tras cambiar de sede,0
Proceso para Nuevas Incorporaciones (Empleados y Becarios),No puedo acceder al correo corporativo en Gmail,0
Proceso para Nuevas Incorporaciones (Empleados y Becarios),Avalon no carga en el TPV,0
Proceso para Nuevas Incorporaciones (Empleados y Becarios),Se bloqueó mi cuenta de Windows,0
Proceso para Nuevas Incorporaciones (Empleados y Becarios),Me aparece un error de certificado digital en una página web,0
Proceso para Nuevas Incorporaciones (Empleados y Becarios),No funciona la integración de Gemini con Google Drive,0
Proceso para Nuevas Incorporaciones (Empleados y Becarios),GsBase no se conecta desde mi ordenador,0
Proceso para Nuevas Incorporaciones (Empleados y Becarios),Tengo pantalla azul al encender el equipo,0
Solicitud de nueva impresora,Necesito pedir una impresora nueva para mi puesto,1
Solicitud de nueva impresora,¿Cómo solicito una impresora para la oficina?,1
Solicitud de nueva impresora,Quiero tramitar la compra de una impresora,1
Solicitud de nueva impresora,Me hace falta una impresora en mi departamento,1
Solicitud de nueva impresora,¿Pueden proporcionarme una impresora nueva?,1
Solicitud de nueva impresora,Hace falta una impresora adicional en esta área,1
Solicitud de nueva impresora,¿Con quién gestiono la solicitud de una impresora?,1
Solicitud de nueva impresora,No tenemos impresora asignada y necesitamos una,1
Solicitud de nueva impresora,Quisiera iniciar el pedido de una nueva impresora,1
Solicitud de nueva impresora,Estoy solicitando una impresora para el equipo,1
Solicitud de nueva impresora,No puedo acceder al correo de la empresa,0
Solicitud de nueva impresora,No carga la aplicación Avalon en el TPV,0
Solicitud de nueva impresora,El lector de documentos no funciona correctamente,0
Solicitud de nueva impresora,No tengo conexión a la red Wi-Fi en esta sede,0
Solicitud de nueva impresora,Me aparece una pantalla azul al iniciar el PC,0
Solicitud de nueva impresora,No se conecta la VPN desde fuera de la oficina,0
Solicitud de nueva impresora,Tengo problemas con GsBase y Conex,0
Solicitud de nueva impresora,No puedo cambiar la contraseña del equipo Windows,0
Solicitud de nueva impresora,Error al abrir páginas web seguras por certificados,0
Solicitud de nueva impresora,La integración de Gemini con Google Calendar no funciona,0
Solicitud de Nuevo Servicio de Conexión a Internet (Fibra/4G),Necesito contratar una nueva conexión a Internet para una sede,1
Solicitud de Nuevo Servicio de Conexión a Internet (Fibra/4G),¿Cómo solicito servicio de fibra o 4G para una oficina?,1
Solicitud de Nuevo Servicio de Conexión a Internet (Fibra/4G),Queremos activar una nueva línea de Internet en una ubicación,1
Solicitud de Nuevo Servicio de Conexión a Internet (Fibra/4G),Estoy tramitando la instalación de Internet para un nuevo espacio,1
Solicitud de Nuevo Servicio de Conexión a Internet (Fibra/4G),Hace falta conexión a Internet en una nueva oficina,1
Solicitud de Nuevo Servicio de Conexión a Internet (Fibra/4G),¿Pueden instalar Internet (fibra o 4G) en otra sede?,1
Solicitud de Nuevo Servicio de Conexión a Internet (Fibra/4G),Necesitamos habilitar Internet en una nueva localización,1
Solicitud de Nuevo Servicio de Conexión a Internet (Fibra/4G),Solicito servicio de Internet para una zona que aún no tiene conexión,1
Solicitud de Nuevo Servicio de Conexión a Internet (Fibra/4G),¿Con quién gestiono la contratación de una línea de datos nueva?,1
Solicitud de Nuevo Servicio de Conexión a Internet (Fibra/4G),Queremos poner Internet (fibra o 4G) en una nueva instalación,1
Solicitud de Nuevo Servicio de Conexión a Internet (Fibra/4G),No puedo imprimir desde la impresora compartida,0
Solicitud de Nuevo Servicio de Conexión a Internet (Fibra/4G),No carga Avalon en el TPV,0
Solicitud de Nuevo Servicio de Conexión a Internet (Fibra/4G),No puedo acceder al correo de Google Workspace,0
Solicitud de Nuevo Servicio de Conexión a Internet (Fibra/4G),El lector de pasaportes no responde correctamente,0
Solicitud de Nuevo Servicio de Conexión a Internet (Fibra/4G),Tengo problemas para conectar con GsBase,0
Solicitud de Nuevo Servicio de Conexión a Internet (Fibra/4G),Me aparece un error de certificado digital en una web,0
Solicitud de Nuevo Servicio de Conexión a Internet (Fibra/4G),No puedo cambiar la contraseña de mi cuenta de Windows,0
Solicitud de Nuevo Servicio de Conexión a Internet (Fibra/4G),La VPN no conecta desde casa,0
Solicitud de Nuevo Servicio de Conexión a Internet (Fibra/4G),El sistema muestra pantalla azul al iniciar,0
Solicitud de Nuevo Servicio de Conexión a Internet (Fibra/4G),La integración de Gemini con Google Calendar está fallando,0